{
    "loss": 3.3390893936157227,
    "accuracy": 0.7647058963775635
}